Workbook

Sheet Instructions
A1: Perform the following in the dataset from the 'Dataset' sheet.
B3: 1) Handling Missing Values:
C4: • Check for missing values in the 'Price' column. How would you handle products with missing price information? | K4: =Dataset!I2 -> 1000 | L4: Using average
C5: • If there are products with missing categories, propose a strategy to impute or deal with these missing values effectively. | K5: =Dataset!L1 -> Category Imputed | L5: Have to impute with "Unknown" category
B7: 2) Correcting Inconsistent Data:
C8: • Identify any inconsistent text formats present in the "Product Name" column. | I8: =Dataset!E2 -> Laptop | J8: proper(clean())
C9: • Identify any typos present in the "Category" column. | I9: By using filter option
C10: • Use the find and replace function to standardize the text formats in the "Product Name" column and fix any typos or misspellings in the "Category" column. | N10: =Dataset!M2 -> Electronics | O10: find Electroni , match entire cell content and replace all with electronics
B12: 3) Removing Duplicates:
C13: • Identify any duplicate rows within the dataset based on the entirety of each row, and remove them if any. | K13: Remove duplicates under data tab, based on product ID, use expand to all
B15: 4) Splitting and Merging Data:
C16: • Split the "Product ID" column into two separate columns for " Manufacturing Date" and "Country Code". Remove unnecessary characters, if any. | M16: =Dataset!B2 -> 45685 | N16: left() and Right()
C17: • Merge the "Brand Name" and "Product Name" columns into one column named "Product Brand". | K17: =Dataset!G2 -> Laptop Dell | L17: concatenate function
B19: 5) Number Formatting:
C20: • Format the data type of the "Price" column to currency format. | J20: =Dataset!I2 -> 1000 | K20: Home tab- currency format
C21: • Format the "Manufacturing Date" column to display dates in the "DD-MM-YYYY " format. | J21: =Dataset!B2 -> 45685 | K21: Value() formula
B23: 6) Conditional Formatting:
C24: • Apply data bar or color scales conditional formatting in the "Price" column. | I24: =Dataset!I2 -> 1000
C25: • Create a custom rule for conditional formatting in the "Category" column to highlight cells where the category is "Electronics." | L25: =Dataset!M2 -> Electronics

Sheet Dataset
A1: Product ID | B1: Manufacturing date | C1: Country code | D1: Product Name | E1: Product Name | F1: Brand Name | G1: Product Brand | H1: Price ($) | I1: Price Imputed ($) | J1: Quantity | K1: Category | L1: Category Imputed | M1: Category
A2: 28-JAN-US | B2: =VALUE(LEFT(SUBSTITUTE(A2,"-"," "),6)) -> 45685 | C2: =RIGHT(A2,2) -> US | D2: laptop | E2: =PROPER(CLEAN((D2))) -> Laptop | F2: Dell | G2: =CONCATENATE(E2," ",F2) -> Laptop Dell | H2: 1000 | I2: =IF(ISBLANK(H2),AVERAGE($H$2:$H$32),H2) -> 1000 | J2: 30 | K2: Electronics | L2: =IF(ISBLANK(K2),"Unknown",K2) -> Electronics | M2: Electronics
A3: 15-FEB-US | B3: =VALUE(LEFT(SUBSTITUTE(A3,"-"," "),6)) -> 45703 | C3: =RIGHT(A3,2) -> US | D3: Sneakers | E3: =PROPER(CLEAN((D3))) -> Sneakers | F3: Nike | G3: =CONCATENATE(E3," ",F3) -> Sneakers Nike | H3: 80 | I3: =IF(ISBLANK(H3),AVERAGE($H$2:$H$32),H3) -> 80 | J3: 15 | K3: Fashion | L3: =IF(ISBLANK(K3),"Unknown",K3) -> Fashion | M3: Fashion
A4: 03-MAR-US | B4: =VALUE(LEFT(SUBSTITUTE(A4,"-"," "),6)) -> 45719 | C4: =RIGHT(A4,2) -> US | D4: Coffee Maker | E4: =PROPER(CLEAN((D4))) -> Coffee Maker | F4: Keurig | G4: =CONCATENATE(E4," ",F4) -> Coffee Maker Keurig | H4: 130 | I4: =IF(ISBLANK(H4),AVERAGE($H$2:$H$32),H4) -> 130 | J4: 40 | K4: Kitchen | L4: =IF(ISBLANK(K4),"Unknown",K4) -> Kitchen | M4: Kitchen
A5: 11-APR-US | B5: =VALUE(LEFT(SUBSTITUTE(A5,"-"," "),6)) -> 45758 | C5: =RIGHT(A5,2) -> US | D5: smartphone | E5: =PROPER(CLEAN((D5))) -> Smartphone | F5: Samsung | G5: =CONCATENATE(E5," ",F5) -> Smartphone Samsung | H5: 900 | I5: =IF(ISBLANK(H5),AVERAGE($H$2:$H$32),H5) -> 900 | J5: 25 | K5: Electronics | L5: =IF(ISBLANK(K5),"Unknown",K5) -> Electronics | M5: Electronics
A6: 22-MAY-US | B6: =VALUE(LEFT(SUBSTITUTE(A6,"-"," "),6)) -> 45799 | C6: =RIGHT(A6,2) -> US | D6: Backpack | E6: =PROPER(CLEAN((D6))) -> Backpack | F6: North Face | G6: =CONCATENATE(E6," ",F6) -> Backpack North Face | H6: 70 | I6: =IF(ISBLANK(H6),AVERAGE($H$2:$H$32),H6) -> 70 | J6: 20 | L6: =IF(ISBLANK(K6),"Unknown",K6) -> Unknown | M6: Unknown
A7: 07-JUN-UK | B7: =VALUE(LEFT(SUBSTITUTE(A7,"-"," "),6)) -> 45815 | C7: =RIGHT(A7,2) -> UK | D7: Headphones | E7: =PROPER(CLEAN((D7))) -> Headphones | F7: Sony | G7: =CONCATENATE(E7," ",F7) -> Headphones Sony | I7: =IF(ISBLANK(H7),AVERAGE($H$2:$H$32),H7) -> 297.85714 | J7: 45 | K7: Electroni | L7: =IF(ISBLANK(K7),"Unknown",K7) -> Electroni | M7: Electronics
A8: 19-JUL-UK | B8: =VALUE(LEFT(SUBSTITUTE(A8,"-"," "),6)) -> 45857 | C8: =RIGHT(A8,2) -> UK | D8: T-shirt | E8: =PROPER(CLEAN((D8))) -> T-Shirt | F8: Adidas | G8: =CONCATENATE(E8," ",F8) -> T-Shirt Adidas | H8: 30 | I8: =IF(ISBLANK(H8),AVERAGE($H$2:$H$32),H8) -> 30 | J8: 5 | K8: Fashion | L8: =IF(ISBLANK(K8),"Unknown",K8) -> Fashion | M8: Fashion
A9: 23-AUG-UK | B9: =VALUE(LEFT(SUBSTITUTE(A9,"-"," "),6)) -> 45892 | C9: =RIGHT(A9,2) -> UK | D9: Blender | E9: =PROPER(CLEAN((D9))) -> Blender | F9: Ninja | G9: =CONCATENATE(E9," ",F9) -> Blender Ninja | H9: 90 | I9: =IF(ISBLANK(H9),AVERAGE($H$2:$H$32),H9) -> 90 | J9: 35 | K9: Kitchen | L9: =IF(ISBLANK(K9),"Unknown",K9) -> Kitchen | M9: Kitchen
A10: 05-SEP-UK | B10: =VALUE(LEFT(SUBSTITUTE(A10,"-"," "),6)) -> 45905 | C10: =RIGHT(A10,2) -> UK | D10: Tablet | E10: =PROPER(CLEAN((D10))) -> Tablet | F10: Apple | G10: =CONCATENATE(E10," ",F10) -> Tablet Apple | H10: 500 | I10: =IF(ISBLANK(H10),AVERAGE($H$2:$H$32),H10) -> 500 | J10: 50 | K10: Electronics | L10: =IF(ISBLANK(K10),"Unknown",K10) -> Electronics | M10: Electronics
A11: 14-OCT-UK | B11: =VALUE(LEFT(SUBSTITUTE(A11,"-"," "),6)) -> 45944 | C11: =RIGHT(A11,2) -> UK | D11: Hiking Boots | E11: =PROPER(CLEAN((D11))) -> Hiking Boots | F11: Timberland | G11: =CONCATENATE(E11," ",F11) -> Hiking Boots Timberland | H11: 130 | I11: =IF(ISBLANK(H11),AVERAGE($H$2:$H$32),H11) -> 130 | J11: 10 | K11: Outdoor | L11: =IF(ISBLANK(K11),"Unknown",K11) -> Outdoor | M11: Outdoor
A12: 17-JUN-IN | B12: =VALUE(LEFT(SUBSTITUTE(A12,"-"," "),6)) -> 45825 | C12: =RIGHT(A12,2) -> IN | D12: Laptop | E12: =PROPER(CLEAN((D12))) -> Laptop | F12: HP | G12: =CONCATENATE(E12," ",F12) -> Laptop HP | H12: 950 | I12: =IF(ISBLANK(H12),AVERAGE($H$2:$H$32),H12) -> 950 | J12: 25 | K12: Electronics | L12: =IF(ISBLANK(K12),"Unknown",K12) -> Electronics | M12: Electronics
A13: 25-NOV-AU | B13: =VALUE(LEFT(SUBSTITUTE(A13,"-"," "),6)) -> 45986 | C13: =RIGHT(A13,2) -> AU | D13: Sneakers | E13: =PROPER(CLEAN((D13))) -> Sneakers | F13: Adidas | G13: =CONCATENATE(E13," ",F13) -> Sneakers Adidas | H13: 90 | I13: =IF(ISBLANK(H13),AVERAGE($H$2:$H$32),H13) -> 90 | J13: 40 | L13: =IF(ISBLANK(K13),"Unknown",K13) -> Unknown | M13: Unknown
A14: 08-DEC-DE | B14: =VALUE(LEFT(SUBSTITUTE(A14,"-"," "),6)) -> 45999 | C14: =RIGHT(A14,2) -> DE | D14: Coffee Maker | E14: =PROPER(CLEAN((D14))) -> Coffee Maker | F14: Nespresso | G14: =CONCATENATE(E14," ",F14) -> Coffee Maker Nespresso | H14: 120 | I14: =IF(ISBLANK(H14),AVERAGE($H$2:$H$32),H14) -> 120 | J14: 35 | L14: =IF(ISBLANK(K14),"Unknown",K14) -> Unknown | M14: Unknown
A15: 18-FEB-CA | B15: =VALUE(LEFT(SUBSTITUTE(A15,"-"," "),6)) -> 45706 | C15: =RIGHT(A15,2) -> CA | D15: Smartwatch | E15: =PROPER(CLEAN((D15))) -> Smartwatch | F15: Fitbit | G15: =CONCATENATE(E15," ",F15) -> Smartwatch Fitbit | H15: 150 | I15: =IF(ISBLANK(H15),AVERAGE($H$2:$H$32),H15) -> 150 | J15: 15 | K15: Electroni | L15: =IF(ISBLANK(K15),"Unknown",K15) -> Electroni | M15: Electronics
A16: 16-APR-ES | B16: =VALUE(LEFT(SUBSTITUTE(A16,"-"," "),6)) -> 45763 | C16: =RIGHT(A16,2) -> ES | D16: headphones | E16: =PROPER(CLEAN((D16))) -> Headphones | F16: Bose | G16: =CONCATENATE(E16," ",F16) -> Headphones Bose | H16: 250 | I16: =IF(ISBLANK(H16),AVERAGE($H$2:$H$32),H16) -> 250 | J16: 20 | K16: Electroni | L16: =IF(ISBLANK(K16),"Unknown",K16) -> Electroni | M16: Electronics
A17: 21-AUG-CA | B17: =VALUE(LEFT(SUBSTITUTE(A17,"-"," "),6)) -> 45890 | C17: =RIGHT(A17,2) -> CA | D17: Laptop Bag | E17: =PROPER(CLEAN((D17))) -> Laptop Bag | F17: Samsonite | G17: =CONCATENATE(E17," ",F17) -> Laptop Bag Samsonite | H17: 50 | I17: =IF(ISBLANK(H17),AVERAGE($H$2:$H$32),H17) -> 50 | J17: 35 | K17: Accessories | L17: =IF(ISBLANK(K17),"Unknown",K17) -> Accessories | M17: Accessories
A18: 20-AUG-CN | B18: =VALUE(LEFT(SUBSTITUTE(A18,"-"," "),6)) -> 45889 | C18: =RIGHT(A18,2) -> CN | D18: Smartwatch | E18: =PROPER(CLEAN((D18))) -> Smartwatch | F18: Huawei | G18: =CONCATENATE(E18," ",F18) -> Smartwatch Huawei | H18: 160 | I18: =IF(ISBLANK(H18),AVERAGE($H$2:$H$32),H18) -> 160 | J18: 15 | K18: Electroni | L18: =IF(ISBLANK(K18),"Unknown",K18) -> Electroni | M18: Electronics
A19: 27-JAN-IT | B19: =VALUE(LEFT(SUBSTITUTE(A19,"-"," "),6)) -> 45684 | C19: =RIGHT(A19,2) -> IT | D19: laptop | E19: =PROPER(CLEAN((D19))) -> Laptop | F19: Asus | G19: =CONCATENATE(E19," ",F19) -> Laptop Asus | H19: 980 | I19: =IF(ISBLANK(H19),AVERAGE($H$2:$H$32),H19) -> 980 | J19: 10 | K19: Electronics | L19: =IF(ISBLANK(K19),"Unknown",K19) -> Electronics | M19: Electronics
A20: 01-MAR-UK | B20: =VALUE(LEFT(SUBSTITUTE(A20,"-"," "),6)) -> 45717 | C20: =RIGHT(A20,2) -> UK | D20: Sunglasses | E20: =PROPER(CLEAN((D20))) -> Sunglasses | F20: Oakley | G20: =CONCATENATE(E20," ",F20) -> Sunglasses Oakley | H20: 150 | I20: =IF(ISBLANK(H20),AVERAGE($H$2:$H$32),H20) -> 150 | J20: 15 | K20: Fashion | L20: =IF(ISBLANK(K20),"Unknown",K20) -> Fashion | M20: Fashion
A21: 14-AUG-US | B21: =VALUE(LEFT(SUBSTITUTE(A21,"-"," "),6)) -> 45883 | C21: =RIGHT(A21,2) -> US | D21: Camping Tent | E21: =PROPER(CLEAN((D21))) -> Camping Tent | F21: Coleman | G21: =CONCATENATE(E21," ",F21) -> Camping Tent Coleman | I21: =IF(ISBLANK(H21),AVERAGE($H$2:$H$32),H21) -> 297.85714 | J21: 10 | K21: Outdoor | L21: =IF(ISBLANK(K21),"Unknown",K21) -> Outdoor | M21: Outdoor
A22: 14-MAY-RU | B22: =VALUE(LEFT(SUBSTITUTE(A22,"-"," "),6)) -> 45791 | C22: =RIGHT(A22,2) -> RU | D22: Camera | E22: =PROPER(CLEAN((D22))) -> Camera | F22: Nikon | G22: =CONCATENATE(E22," ",F22) -> Camera Nikon | H22: 700 | I22: =IF(ISBLANK(H22),AVERAGE($H$2:$H$32),H22) -> 700 | J22: 50 | K22: Electronics | L22: =IF(ISBLANK(K22),"Unknown",K22) -> Electronics | M22: Electronics
A23: 09-JAN-CA | B23: =VALUE(LEFT(SUBSTITUTE(A23,"-"," "),6)) -> 45666 | C23: =RIGHT(A23,2) -> CA | D23: Microwave | E23: =PROPER(CLEAN((D23))) -> Microwave | F23: Panasonic | G23: =CONCATENATE(E23," ",F23) -> Microwave Panasonic | H23: 80 | I23: =IF(ISBLANK(H23),AVERAGE($H$2:$H$32),H23) -> 80 | J23: 20 | K23: Kitchen | L23: =IF(ISBLANK(K23),"Unknown",K23) -> Kitchen | M23: Kitchen
A24: 19-JUL-BR | B24: =VALUE(LEFT(SUBSTITUTE(A24,"-"," "),6)) -> 45857 | C24: =RIGHT(A24,2) -> BR | D24: Fitness Tracker | E24: =PROPER(CLEAN((D24))) -> Fitness Tracker | F24: Xiaomi | G24: =CONCATENATE(E24," ",F24) -> Fitness Tracker Xiaomi | H24: 150 | I24: =IF(ISBLANK(H24),AVERAGE($H$2:$H$32),H24) -> 150 | J24: 30 | L24: =IF(ISBLANK(K24),"Unknown",K24) -> Unknown | M24: Unknown
A25: 29-SEP-CA | B25: =VALUE(LEFT(SUBSTITUTE(A25,"-"," "),6)) -> 45929 | C25: =RIGHT(A25,2) -> CA | D25: Smartphone | E25: =PROPER(CLEAN((D25))) -> Smartphone | F25: Google | G25: =CONCATENATE(E25," ",F25) -> Smartphone Google | H25: 800 | I25: =IF(ISBLANK(H25),AVERAGE($H$2:$H$32),H25) -> 800 | J25: 45 | K25: Electronics | L25: =IF(ISBLANK(K25),"Unknown",K25) -> Electronics | M25: Electronics
A26: 03-JUN-CA | B26: =VALUE(LEFT(SUBSTITUTE(A26,"-"," "),6)) -> 45811 | C26: =RIGHT(A26,2) -> CA | D26: Sunglasses | E26: =PROPER(CLEAN((D26))) -> Sunglasses | F26: Ray-Ban | G26: =CONCATENATE(E26," ",F26) -> Sunglasses Ray-Ban | I26: =IF(ISBLANK(H26),AVERAGE($H$2:$H$32),H26) -> 297.85714 | J26: 25 | K26: Fashion | L26: =IF(ISBLANK(K26),"Unknown",K26) -> Fashion | M26: Fashion
A27: 11-JUL-CA | B27: =VALUE(LEFT(SUBSTITUTE(A27,"-"," "),6)) -> 45849 | C27: =RIGHT(A27,2) -> CA | D27: Blender | E27: =PROPER(CLEAN((D27))) -> Blender | F27: Vitamix | G27: =CONCATENATE(E27," ",F27) -> Blender Vitamix | H27: 400 | I27: =IF(ISBLANK(H27),AVERAGE($H$2:$H$32),H27) -> 400 | J27: 40 | K27: Kitchen | L27: =IF(ISBLANK(K27),"Unknown",K27) -> Kitchen | M27: Kitchen
A28: 07-MAR-CA | B28: =VALUE(LEFT(SUBSTITUTE(A28,"-"," "),6)) -> 45723 | C28: =RIGHT(A28,2) -> CA | D28: Dress | E28: =PROPER(CLEAN((D28))) -> Dress | F28: Zara | G28: =CONCATENATE(E28," ",F28) -> Dress Zara | H28: 60 | I28: =IF(ISBLANK(H28),AVERAGE($H$2:$H$32),H28) -> 60 | J28: 30 | K28: Fashion | L28: =IF(ISBLANK(K28),"Unknown",K28) -> Fashion | M28: Fashion
A29: 13-APR-CA | B29: =VALUE(LEFT(SUBSTITUTE(A29,"-"," "),6)) -> 45760 | C29: =RIGHT(A29,2) -> CA | D29: Toaster | E29: =PROPER(CLEAN((D29))) -> Toaster | F29: Hamilton | G29: =CONCATENATE(E29," ",F29) -> Toaster Hamilton | H29: 40 | I29: =IF(ISBLANK(H29),AVERAGE($H$2:$H$32),H29) -> 40 | J29: 10 | K29: Kitchen | L29: =IF(ISBLANK(K29),"Unknown",K29) -> Kitchen | M29: Kitchen
A30: 24-MAY-CA | B30: =VALUE(LEFT(SUBSTITUTE(A30,"-"," "),6)) -> 45801 | C30: =RIGHT(A30,2) -> CA | D30: Fitness Tracker | E30: =PROPER(CLEAN((D30))) -> Fitness Tracker | F30: Garmin | G30: =CONCATENATE(E30," ",F30) -> Fitness Tracker Garmin | H30: 130 | I30: =IF(ISBLANK(H30),AVERAGE($H$2:$H$32),H30) -> 130 | J30: 5 | K30: Electronics | L30: =IF(ISBLANK(K30),"Unknown",K30) -> Electronics | M30: Electronics
A31: 02-DEC-CA | B31: =VALUE(LEFT(SUBSTITUTE(A31,"-"," "),6)) -> 45993 | C31: =RIGHT(A31,2) -> CA | D31: Jeans | E31: =PROPER(CLEAN((D31))) -> Jeans | F31: Levi's | G31: =CONCATENATE(E31," ",F31) -> Jeans Levi's | H31: 50 | I31: =IF(ISBLANK(H31),AVERAGE($H$2:$H$32),H31) -> 50 | J31: 50 | K31: Fashion | L31: =IF(ISBLANK(K31),"Unknown",K31) -> Fashion | M31: Fashion
A32: 09-JUL-FR | B32: =VALUE(LEFT(SUBSTITUTE(A32,"-"," "),6)) -> 45847 | C32: =RIGHT(A32,2) -> FR | D32: Watch | E32: =PROPER(CLEAN((D32))) -> Watch | F32: Casio | G32: =CONCATENATE(E32," ",F32) -> Watch Casio | H32: 100 | I32: =IF(ISBLANK(H32),AVERAGE($H$2:$H$32),H32) -> 100 | J32: 20 | K32: Accessories | L32: =IF(ISBLANK(K32),"Unknown",K32) -> Accessories | M32: Accessories
