Workbook

Sheet Instructions
A1: Perform the following in the dataset from the 'Dataset' sheet.
B3: 1) Sum, Count, Average:
C4: • What is the total price of all products in the dataset? | H4: =Dataset!D36 -> 10100 | J4: ctrl+{
C5: • How many products are there in the dataset? | H5: =Dataset!B36 -> 34
C6: • Calculate the average price of the products. | H6: =Dataset!D36/Dataset!B36 -> 297.05882
B8: 2) Min and Max:
C9: • Determine the minimum price among all products. | H9: =MIN(Dataset!D2:D35) -> 30
C10: • Find the maximum price among all products. | H10: =MAX(Dataset!D2:D35) -> 1000
B12: 3) IF Function:
C13: • Using an IF function, create a new column named Price Range to categorize products with a price greater than or equal to $500 as 'High Price' and others as 'Standard Price'.
C14: =Dataset!G1 -> Price Range
B15: 4) SUMIF and COUNTIF:
C16: • Calculate the total price for products in the 'Electronics' category using the SUMIF function. | J16: =SUMIF(Dataset!F2:F35,"Electronics",Dataset!D2:D35) -> 8050
C17: • Determine the count of products with a price less than $100 using the COUNTIF function. | J17: =COUNTIF(Dataset!D2:D35,"<100") -> 11
B19: 5) Text Formatting - LEFT, RIGHT, MID:
C20: • Create a new column named Day with the first 2 characters of each 'Product ID' using the LEFT function. | M20: =Dataset!H1 -> Day
C21: • Create a new column named Country Code by extracting the last 2 characters from the 'Product ID' column using the RIGHT function. | M21: =Dataset!I1 -> Country code
C22: • Create a new column named Month by extracting 4th to 6th characters from the 'Product ID' column using the MID function. | M22: =Dataset!J1 -> Month

Sheet Dataset
A1: Product ID | B1: Product Name | C1: Brand Name | D1: Price ($) | E1: Quantity | F1: Category | G1: Price Range | H1: Day | I1: Country code | J1: Month
A2: 28-JAN-US | B2: Laptop | C2: Dell | D2: 1000 | E2: 30 | F2: Electronics | G2: =IF(D2>500, "High Price", "Standard Price") -> High Price | H2: =LEFT(A2:A35,2) -> 28 | I2: =RIGHT(A2:A35,2) -> US | J2: =MID(A2:A35,4,3) -> JAN
A3: 15-FEB-US | B3: Sneakers | C3: Nike | D3: 80 | E3: 15 | F3: Fashion | G3: =IF(D3>500, "High Price", "Standard Price") -> Standard Price | H3: =LEFT(A3:A36,2) -> 15 | I3: =RIGHT(A3:A36,2) -> US | J3: =MID(A3:A36,4,3) -> FEB
A4: 03-MAR-US | B4: Coffee Maker | C4: Keurig | D4: 130 | E4: 40 | F4: Kitchen | G4: =IF(D4>500, "High Price", "Standard Price") -> Standard Price | H4: =LEFT(A4:A37,2) -> 03 | I4: =RIGHT(A4:A37,2) -> US | J4: =MID(A4:A37,4,3) -> MAR
A5: 11-APR-US | B5: Smartphone | C5: Samsung | D5: 900 | E5: 25 | F5: Electronics | G5: =IF(D5>500, "High Price", "Standard Price") -> High Price | H5: =LEFT(A5:A38,2) -> 11 | I5: =RIGHT(A5:A38,2) -> US | J5: =MID(A5:A38,4,3) -> APR
A6: 22-MAY-US | B6: Backpack | C6: North Face | D6: 70 | E6: 20 | F6: Outdoor | G6: =IF(D6>500, "High Price", "Standard Price") -> Standard Price | H6: =LEFT(A6:A39,2) -> 22 | I6: =RIGHT(A6:A39,2) -> US | J6: =MID(A6:A39,4,3) -> MAY
A7: 07-JUN-UK | B7: Headphones | C7: Sony | D7: 200 | E7: 45 | F7: Electronics | G7: =IF(D7>500, "High Price", "Standard Price") -> Standard Price | H7: =LEFT(A7:A40,2) -> 07 | I7: =RIGHT(A7:A40,2) -> UK | J7: =MID(A7:A40,4,3) -> JUN
A8: 19-JUL-UK | B8: T-shirt | C8: Adidas | D8: 30 | E8: 5 | F8: Fashion | G8: =IF(D8>500, "High Price", "Standard Price") -> Standard Price | H8: =LEFT(A8:A41,2) -> 19 | I8: =RIGHT(A8:A41,2) -> UK | J8: =MID(A8:A41,4,3) -> JUL
A9: 23-AUG-UK | B9: Blender | C9: Ninja | D9: 90 | E9: 35 | F9: Kitchen | G9: =IF(D9>500, "High Price", "Standard Price") -> Standard Price | H9: =LEFT(A9:A42,2) -> 23 | I9: =RIGHT(A9:A42,2) -> UK | J9: =MID(A9:A42,4,3) -> AUG
A10: 05-SEP-UK | B10: Tablet | C10: Apple | D10: 500 | E10: 50 | F10: Electronics | G10: =IF(D10>500, "High Price", "Standard Price") -> Standard Price | H10: =LEFT(A10:A43,2) -> 05 | I10: =RIGHT(A10:A43,2) -> UK | J10: =MID(A10:A43,4,3) -> SEP
A11: 14-OCT-UK | B11: Hiking Boots | C11: Timberland | D11: 130 | E11: 10 | F11: Outdoor | G11: =IF(D11>500, "High Price", "Standard Price") -> Standard Price | H11: =LEFT(A11:A44,2) -> 14 | I11: =RIGHT(A11:A44,2) -> UK | J11: =MID(A11:A44,4,3) -> OCT
A12: 17-JUN-IN | B12: Laptop | C12: HP | D12: 950 | E12: 25 | F12: Electronics | G12: =IF(D12>500, "High Price", "Standard Price") -> High Price | H12: =LEFT(A12:A45,2) -> 17 | I12: =RIGHT(A12:A45,2) -> IN | J12: =MID(A12:A45,4,3) -> JUN
A13: 25-NOV-AU | B13: Sneakers | C13: Adidas | D13: 90 | E13: 40 | F13: Fashion | G13: =IF(D13>500, "High Price", "Standard Price") -> Standard Price | H13: =LEFT(A13:A46,2) -> 25 | I13: =RIGHT(A13:A46,2) -> AU | J13: =MID(A13:A46,4,3) -> NOV
... A35: 09-JUL-FR | B35: Watch | C35: Casio | D35: 100 | E35: 20 | F35: Accessories | G35: =IF(D35>500, "High Price", "Standard Price") -> Standard Price | H35: =LEFT(A35:A68,2) -> 09 | I35: =RIGHT(A35:A68,2) -> FR | J35: =MID(A35:A68,4,3) -> JUL
B36: =COUNTA(B2:B35) -> 34 | D36: =SUM(D2:D35) -> 10100

Sheet Workings
A1: Duplicate
A2: Laptop
A3: Sneakers
A4: Coffee Maker
A5: Smartphone
A6: Backpack
A7: Headphones
A8: T-shirt
A9: Blender
A10: Tablet
A11: Hiking Boots
A12: Laptop
... A23: Watch
A24: =COUNTA(A2:A23) -> 22
